Number,Name,Sequence,Source,Notes,Expectation,,Abbreviation Key
1,flg22,QRLSTGSRINSAKDDAAGLQIA,RCSB,"canonical flg22 sequence, triggers PTI in Arabidopsis. Derived from flagellin of various bacteria, including Pseudomonas aeruginosa",Postive Control (high binding affinity),,"Arabidopsis = Arabidopsis thaliana, a model plant from which our FLS2 sequence is derived"
2,X22,QQLSSGKRITSASVDAAGLAIS,AF Bent directed evolution paper (https://pmc.ncbi.nlm.nih.gov/articles/PMC4894583/),Triggers a slight response in Arabidopsis only at high concentrations of peptide. Derived from Xanthomonas campestris pv campestris strain B186,Low binding affinity,,PTI = pattern-triggered immunity
3,E22,ERLSSGSRITSSKEDAAGQAIS,AF Bent directed evolution paper (https://pmc.ncbi.nlm.nih.gov/articles/PMC4894583/),Triggers a response in Arabidopsis only at high concentrations of peptide. Derived from Erwinia amylovora strain CFBP 1430,Low binding affinity,,antagonist = flagellin peptide which binds FLS2 but doesn't trigger downstream immunity in planta
4,R22,QRLSTGMRVNSAQDDAAAYASA,AF Bent directed evolution paper (https://pmc.ncbi.nlm.nih.gov/articles/PMC4894583/),Does not trigger any response in Arabidopsis. Derived from Ralstonia solanacearum strain K60,Negative Control,,
5,flg22_18AYA20,QRLSTGSRINSAKDDAAAYAIA,https://pmc.ncbi.nlm.nih.gov/articles/PMC3442597/,Mutation to residues 18-20 of flg22 that serves as an antagonist (binds but doesn't trigger downstream signaling),,,
6,flg22_psy,TRLSSGLKINSAKDDAAGLQIA,https://www.nature.com/articles/s41467-020-17573-y#Sec2,Triggers a response in Arabidopsis. Derived from Pseudomonas syringae,Postive Control  ,,
7,flg22_rso,QRLSTGLRVNSAQDDSAAYAAS,"https://www.nature.com/articles/s41467-020-17573-y#Sec2, https://pmc.ncbi.nlm.nih.gov/articles/PMC3442597/",Does not trigger a response in Arabidopsis. Acts as a weak antagonist. Derived from Ralstona solanacearum,Low binding affinity?,,
8,flg22_rso mutant,QRLSTGLRVNSAQDDSAGLQAS,https://www.nature.com/articles/s41467-020-17573-y#Sec3,Does not trigger a response in Arabidopsis. Variant of [8],Negative Control,,
9,flg22_rso mutant,QRLSTGLRVNSAQDDSAGLQIS,https://www.nature.com/articles/s41467-020-17573-y#Sec4,"Triggers a response in Arabidopsis, though somewhat lower than [6]. Variant of [8]",Lower binding affinity than [6],,
10,flg22_rso mutant,QRLSTGLRVNSAQDDSAGLQIA,https://www.nature.com/articles/s41467-020-17573-y#Sec5,"Triggers a response in Arabidopsis, though somewhat lower than [6]. Variant of [8]",Lower binding affinity than [6],,
11,flg22_rso mutant,QRLSTGLRINSAQDDSAGLQIA,https://www.nature.com/articles/s41467-020-17573-y#Sec6,"Triggers a response in Arabidopsis, though somewhat lower than [6]. Variant of [8]",Lower binding affinity than [6],,
12,flg22_psy mutant,TRLSSGLKINSAKDDAAGLQAA,https://www.nature.com/articles/s41467-020-17573-y#Sec7,Does not trigger a response in Arabidopsis. Single mutant variant of [6],Negative Control,,
13,CLV3p,RTVHypSGHypDPLHH,https://pmc.ncbi.nlm.nih.gov/articles/PMC3442597/,Unrelated peptide which does not trigger response in protoplast model. ,Negative Control,,
14,flg15,RINSAKDDAAGLQIA,https://onlinelibrary.wiley.com/doi/full/10.1046/j.1365-313X.1999.00265.x?sid=nlm%3Apubmed,100-fold decreased response compared to flg22,Low binding affinity,,
15,flg22-Δ2,QRLSTGSRINSAKDDAAGLQ,https://www.jbc.org/article/S0021-9258(19)37351-X/fulltext,Does not trigger a response in Arabidopsis. Acts as an antagonist,,,
16,,ERLSSGSRINTAKDDAAGLQIA,BLAST,"86% sequence identity (lowest found in BLAST search of 1000, couldn't get BLAST search of 5000 to load)",,,
17,,EKLSSGSRINSAKDDAAGLQIA,BLAST,"86% sequence identity (lowest found in BLAST search of 1000, couldn't get BLAST search of 5000 to load)",,,
18,,QRLSTGNRINSAKDDAAGMQIA,BLAST,91% sequence identity,,,
19,,ERLSSGSRINSAKDDAAGLQIA,BLAST,91% sequence identity,,,
20,,QRLSSGMRINSAKDDAAGLQIA,BLAST,91% sequence identity,,,
21,,QRLSSGSQINSAKDDAAGLQIA,BLAST,91% sequence identity,,,
22,,QRLSTGNRINSAKDDAAGMQI,BLAST,90% sequence identity,,,
23,,ERLATGSRINSAKDDAAGLQI,BLAST,90% sequence identity,,,
24,,QRLTSGSRINSAKDDAAGLQI,BLAST,90% sequence identity,,,
25,,ERLSTGSRINSAKDDAAGLAIA,BLAST,91% sequence identity,,,
26,,QRLSTGSRINSAKDDAAGLQI,,progressive removal of residues from the C-term (skipping what's already in [15] above),,,
27,,QRLSTGSRINSAKDDAAGL,,^,,,
28,,QRLSTGSRINSAKDDAAG,,^,,,
29,,QRLSTGSRINSAKDDAA,,^,,,
30,,QRLSTGSRINSAKDDA,,^,,,
31,,QRLSTGSRINSAKDD,,^,,,
32,,QRLSTGSRINSAKD,,^,,,
33,,QRLSTGSRINSAK,,^,,,
34,,QRLSTGSRINSA,,^,,,
35,,QRLSTGSRINS,,^ final version is 11 amino acids long,,,
36,,RLSTGSRINSAKDDAAGLQIA,,progressive removal of residues from the C-term (skipping flg15 included above),,,
37,,LSTGSRINSAKDDAAGLQIA,,^,,,
38,,STGSRINSAKDDAAGLQIA,,^,,,
39,,TGSRINSAKDDAAGLQIA,,^,,,
40,,GSRINSAKDDAAGLQIA,,^,,,
41,,SRINSAKDDAAGLQIA,,^,,,
42,,INSAKDDAAGLQIA,,^,,,
43,,NSAKDDAAGLQIA,,^,,,
44,,SAKDDAAGLQIA,,^,,,
45,,AKDDAAGLQIA,,^ final version is 11 amino acids long,,,
46,,AIQLGAADDKASNIRSGTSLRQ,,reversed flg22,,,
47,,AAAAAAAAAAAAAAAAAAAAAA,,22 alanines,,,
48,,GGGGGGGGGGGGGGGGGGGGGG,,22 glycines,,,
49,,QRLSTGSRINSAKDDAAALQIA,,G18 (which is important for binding) mutated to A,,,
50,,QRLSTGSRINSAKDDAAGLQIV,,"ChatGPT's attempt at a better binder (through ""optimized hydrophobic packing of C-term"")",,,
